AccountId,AccountName,VATNumber,Industry,City,Province,Region,CustomerTier,CreatedDate
AC00001,Ristorante I5O15E SAS,10000000001,Alimentari,Siena,AL,Piemonte,Gold,2024-08-07
AC00002,Altro 0QRAIM SPA,10000000002,Pescheria,Sanremo,TO,Valle d'Aosta,Silver,2024-03-31
AC00003,Bar LNXTIP SAS,10000000003,Mensa,Pisa,FC,Lombardia,Platinum,2024-07-27
AC00004,Hotel W30YVT SRL,10000000004,Catering,Monza,BG,Toscana,Bronze,2023-04-13
AC00005,Pizzeria 1J363H Ditta Individuale,10000000005,Mensa,Asti,SI,Liguria,Gold,2025-07-11
AC00006,Macelleria BH869S SRL,10000000006,Gelateria,Lucca,MS,Toscana,Bronze,2024-10-15
AC00007,Altro EY6PAJ SAS,10000000007,Alimentari,Novara,FC,Liguria,Silver,2025-01-19
AC00008,Ristorante RFG35P Ditta Individuale,10000000008,Hotel,Rimini,SV,Valle d'Aosta,Bronze,2023-03-27
AC00009,Gelateria W7FOAK Cooperativa,10000000009,Catering,Carrara,AL,Emilia-Romagna,Bronze,2025-11-13
AC00010,Mensa NZSICB Ditta Individuale,10000000010,Bar,Novara,RN,Toscana,Bronze,2022-02-28
AC00011,Mensa CBK2YF SPA,10000000011,Hotel,Parma,MS,Piemonte,Bronze,2023-03-24
AC00012,Bar DX9K26 Ditta Individuale,10000000012,Catering,Forlì,AT,Liguria,Silver,2023-07-19
AC00013,Hotel ZWW06E SPA,10000000013,Pescheria,Prato,CR,Emilia-Romagna,Bronze,2024-08-23
AC00014,Catering QRPD7N Cooperativa,10000000014,Mensa,Sanremo,SI,Toscana,Silver,2024-04-11
AC00015,Catering HRZNSU Ditta Individuale,10000000015,Mensa,Milano,RA,Emilia-Romagna,Platinum,2022-09-22
AC00016,Pescheria 4VXJ7F Cooperativa,10000000016,Bar,Aosta,AT,Piemonte,Gold,2022-02-25
AC00017,Gelateria OVNVGF Cooperativa,10000000017,Altro,Asti,PC,Valle d'Aosta,Silver,2025-01-24
AC00018,Mensa J4EACW SRL,10000000018,Alimentari,Parma,MI,Emilia-Romagna,Bronze,2022-11-27
AC00019,Alimentari X26P1D SRL,10000000019,Catering,Massa,PV,Liguria,Silver,2022-01-07
AC00020,Ristorante 2OS33N SPA,10000000020,Catering,Bologna,MB,Liguria,Silver,2025-07-17
AC00021,Altro 2DASW3 Ditta Individuale,10000000021,Mensa,Brescia,BS,Liguria,Silver,2024-02-21
AC00022,Gelateria TVCK8P SRL,10000000022,Catering,La Spezia,AL,Toscana,Bronze,2023-04-02
AC00023,Gelateria VL8U9T Cooperativa,10000000023,Panificio,Milano,CR,Lombardia,Bronze,2022-05-04
AC00024,Ristorante XKCEPU SAS,10000000024,Hotel,Bologna,RA,Emilia-Romagna,Bronze,2023-09-19
AC00025,Pescheria H45YKU SPA,10000000025,Mensa,Savona,CO,Toscana,Gold,2025-03-13
AC00026,Panificio AQLTWS Ditta Individuale,10000000026,Hotel,Como,MS,Toscana,Bronze,2025-08-19
AC00027,Bar DSMNL3 SRL,10000000027,Hotel,Como,PR,Emilia-Romagna,Silver,2024-10-07
AC00028,Panificio KLI6SV SPA,10000000028,Mensa,Sestri Levante,SV,Liguria,Bronze,2024-10-04
AC00029,Ristorante VIPQ84 SRL,10000000029,Ristorante,Chiavari,RA,Lombardia,Silver,2022-06-29
AC00030,Hotel 2ETE3A SPA,10000000030,Mensa,Viareggio,AT,Lombardia,Gold,2023-12-01
AC00031,Ristorante JZMY7O Ditta Individuale,10000000031,Catering,Firenze,GE,Toscana,Silver,2025-10-06
AC00032,Pescheria GXK2GX Cooperativa,10000000032,Catering,Bergamo,LI,Valle d'Aosta,Silver,2023-01-08
AC00033,Alimentari TP68OY SAS,10000000033,Hotel,Sestri Levante,PV,Liguria,Bronze,2023-11-23
AC00034,Pescheria HXU9KX Cooperativa,10000000034,Ristorante,Milano,AR,Lombardia,Silver,2025-07-10
AC00035,Macelleria OOOFSM Cooperativa,10000000035,Bar,Arezzo,TO,Emilia-Romagna,Gold,2024-03-18
AC00036,Catering UBCYCU SPA,10000000036,Pescheria,Brescia,MI,Piemonte,Bronze,2022-10-30
AC00037,Altro GM26QL Cooperativa,10000000037,Bar,Reggio Emilia,SI,Valle d'Aosta,Gold,2023-10-20
AC00038,Panificio V96GTG Cooperativa,10000000038,Altro,Carrara,GE,Liguria,Bronze,2022-01-11
AC00039,Mensa D6TR5S SPA,10000000039,Altro,Rimini,PI,Emilia-Romagna,Silver,2024-07-29
AC00040,Ristorante FT938K SRL,10000000040,Gelateria,Bologna,LU,Valle d'Aosta,Bronze,2025-12-05
AC00041,Alimentari CH78HQ Cooperativa,10000000041,Gelateria,Lucca,PR,Emilia-Romagna,Gold,2022-10-04
AC00042,Alimentari PW2D8O Ditta Individuale,10000000042,Panificio,Forlì,AT,Toscana,Silver,2024-11-27
AC00043,Altro IVQPYD SAS,10000000043,Bar,La Spezia,RN,Emilia-Romagna,Bronze,2023-12-26
AC00044,Altro QHCUB4 SPA,10000000044,Alimentari,Cuneo,BO,Valle d'Aosta,Silver,2022-12-17
AC00045,Bar 1VWV5R SAS,10000000045,Alimentari,Pisa,CN,Liguria,Silver,2025-01-25
AC00046,Pizzeria FO6QMF Cooperativa,10000000046,Hotel,Cuneo,LU,Valle d'Aosta,Silver,2025-04-29
AC00047,Pescheria D92XMP SAS,10000000047,Mensa,Bergamo,VA,Liguria,Bronze,2025-10-02
AC00048,Pescheria GKYBSS SPA,10000000048,Catering,Bergamo,CR,Liguria,Silver,2024-06-30
AC00049,Mensa BJ07JJ Cooperativa,10000000049,Pizzeria,Asti,MB,Liguria,Silver,2022-02-28
AC00050,Catering PSQQU7 Ditta Individuale,10000000050,Altro,Ravenna,RN,Toscana,Silver,2023-01-12
AC00051,Pizzeria YGE0YZ Cooperativa,10000000051,Ristorante,Reggio Emilia,CR,Valle d'Aosta,Bronze,2024-07-11
AC00052,Ristorante HHYGL0 SPA,10000000052,Mensa,Novara,SP,Valle d'Aosta,Silver,2023-11-02
AC00053,Catering RB43CQ Cooperativa,10000000053,Gelateria,Arezzo,AO,Valle d'Aosta,Bronze,2023-08-02
AC00054,Catering CB50SD SAS,10000000054,Alimentari,Reggio Emilia,BO,Toscana,Bronze,2024-12-18
AC00055,Macelleria IEBOMW SRL,10000000055,Pizzeria,Lucca,PR,Emilia-Romagna,Gold,2025-02-24
AC00056,Panificio OC5AB2 SAS,10000000056,Panificio,Sestri Levante,RE,Valle d'Aosta,Silver,2023-04-29
AC00057,Pescheria PH9A44 Ditta Individuale,10000000057,Catering,Parma,VA,Valle d'Aosta,Bronze,2023-03-25
AC00058,Pizzeria 4RRNDN SRL,10000000058,Catering,Modena,PO,Piemonte,Bronze,2025-03-13
AC00059,Bar L8WO8R SPA,10000000059,Bar,Savona,VA,Emilia-Romagna,Gold,2023-06-06
AC00060,Ristorante SDDXRP Cooperativa,10000000060,Bar,Viareggio,BG,Valle d'Aosta,Gold,2024-09-27
AC00061,Bar SA0Q14 SRL,10000000061,Mensa,Monza,BS,Emilia-Romagna,Bronze,2023-03-20
AC00062,Gelateria KVPVYA Ditta Individuale,10000000062,Mensa,Forlì,RA,Lombardia,Silver,2023-05-15
AC00063,Gelateria R6MQDW Cooperativa,10000000063,Gelateria,Ravenna,PV,Piemonte,Silver,2022-11-26
AC00064,Pizzeria VBLI3O SAS,10000000064,Pizzeria,Reggio Emilia,MB,Piemonte,Platinum,2025-02-16
AC00065,Mensa 52XP5W SPA,10000000065,Pizzeria,Bologna,MB,Lombardia,Bronze,2022-02-17
AC00066,Mensa UF0K6B Cooperativa,10000000066,Pizzeria,Monza,PO,Lombardia,Silver,2024-06-29
AC00067,Mensa KXFZZ1 SRL,10000000067,Hotel,Varese,GR,Toscana,Silver,2022-02-10
AC00068,Pizzeria I6FJ04 Cooperativa,10000000068,Catering,Grosseto,AO,Liguria,Gold,2023-12-23
AC00069,Mensa 0Z91WF Ditta Individuale,10000000069,Ristorante,Alessandria,MO,Piemonte,Platinum,2025-05-10
AC00070,Gelateria 23DP58 Cooperativa,10000000070,Altro,Alessandria,SV,Emilia-Romagna,Silver,2024-10-19
AC00071,Catering FQ48KN Cooperativa,10000000071,Catering,Torino,RA,Liguria,Gold,2024-10-02
AC00072,Bar T2BE4A SAS,10000000072,Mensa,Sestri Levante,MO,Emilia-Romagna,Platinum,2024-07-09
AC00073,Mensa 4Y0LCN SPA,10000000073,Pescheria,Aosta,SP,Valle d'Aosta,Silver,2025-10-29
AC00074,Pescheria 7TB54Q Cooperativa,10000000074,Macelleria,Viareggio,SP,Valle d'Aosta,Platinum,2024-08-04
AC00075,Pizzeria 1R4E5F Ditta Individuale,10000000075,Ristorante,Monza,SI,Emilia-Romagna,Silver,2023-06-27
AC00076,Alimentari L6B6J6 Ditta Individuale,10000000076,Gelateria,Sestri Levante,PV,Lombardia,Silver,2022-04-05
AC00077,Mensa GPS399 Cooperativa,10000000077,Macelleria,Viareggio,BS,Lombardia,Bronze,2023-01-07
AC00078,Macelleria EGZOFY SPA,10000000078,Pescheria,La Spezia,MB,Liguria,Silver,2025-07-20
AC00079,Pescheria Q3VGWN SAS,10000000079,Hotel,Ravenna,PV,Liguria,Silver,2023-06-03
AC00080,Hotel FZA5HL SRL,10000000080,Panificio,Imperia,CN,Piemonte,Bronze,2025-12-06
AC00081,Bar AL07Y3 SRL,10000000081,Catering,Arezzo,AO,Valle d'Aosta,Platinum,2024-11-16
AC00082,Alimentari TPDOGH SPA,10000000082,Hotel,Grosseto,TO,Piemonte,Bronze,2024-08-22
AC00083,Catering 7A6OEQ Ditta Individuale,10000000083,Alimentari,Savona,GR,Liguria,Bronze,2024-11-05
AC00084,Hotel B7WEOH Ditta Individuale,10000000084,Macelleria,Grosseto,RE,Lombardia,Gold,2025-09-30
AC00085,Gelateria VPMQN4 Ditta Individuale,10000000085,Bar,Aosta,AR,Lombardia,Silver,2024-10-22
AC00086,Ristorante 5CPKEP SRL,10000000086,Ristorante,Sestri Levante,AL,Piemonte,Bronze,2022-09-17
AC00087,Altro PG52KW SRL,10000000087,Pizzeria,Milano,RE,Valle d'Aosta,Bronze,2024-02-01
AC00088,Altro DECPPR SRL,10000000088,Altro,Monza,MI,Liguria,Silver,2023-11-04
AC00089,Altro OIZXSG Cooperativa,10000000089,Hotel,Forlì,MS,Toscana,Gold,2025-07-17
AC00090,Mensa A548MX Cooperativa,10000000090,Hotel,Alessandria,AO,Emilia-Romagna,Bronze,2024-08-28
AC00091,Panificio U0DOFO SRL,10000000091,Bar,Monza,AR,Emilia-Romagna,Silver,2025-09-14
AC00092,Pizzeria EL3K51 SPA,10000000092,Panificio,Imperia,PR,Emilia-Romagna,Gold,2025-11-19
AC00093,Alimentari VWWGJS Cooperativa,10000000093,Pizzeria,Aosta,CN,Emilia-Romagna,Bronze,2024-08-02
AC00094,Ristorante AZ2JTR SPA,10000000094,Mensa,Modena,FI,Piemonte,Silver,2025-07-08
AC00095,Gelateria 55PA90 SAS,10000000095,Pizzeria,Pisa,AT,Toscana,Gold,2025-03-30
AC00096,Altro ZYDW9L Ditta Individuale,10000000096,Bar,La Spezia,PI,Valle d'Aosta,Bronze,2023-01-31
AC00097,Catering HNXYQP SRL,10000000097,Bar,Como,BG,Liguria,Bronze,2024-03-07
AC00098,Altro OILE01 SPA,10000000098,Altro,Como,CN,Emilia-Romagna,Bronze,2024-04-07
AC00099,Altro 7XUWIW Cooperativa,10000000099,Altro,Reggio Emilia,PR,Liguria,Silver,2024-09-25
AC00100,Hotel S9LN90 Ditta Individuale,10000000100,Hotel,Chiavari,CN,Toscana,Gold,2022-01-24
AC00101,Ristorante BRSX3C Ditta Individuale,10000000101,Altro,Sestri Levante,IM,Emilia-Romagna,Silver,2023-10-25
AC00102,Hotel KCHRK6 Ditta Individuale,10000000102,Altro,Savona,FI,Liguria,Bronze,2024-10-28
AC00103,Ristorante OC0GHD SAS,10000000103,Ristorante,Alessandria,MO,Liguria,Bronze,2025-08-28
AC00104,Hotel FS0NFL SPA,10000000104,Mensa,Monza,GE,Lombardia,Gold,2023-02-02
AC00105,Gelateria PECL5O SRL,10000000105,Bar,Asti,SP,Piemonte,Gold,2022-09-26
AC00106,Mensa 0N9JQF SRL,10000000106,Gelateria,Rimini,RE,Lombardia,Platinum,2022-12-19
AC00107,Altro 1861EZ SPA,10000000107,Mensa,Modena,MI,Toscana,Bronze,2024-04-27
AC00108,Ristorante 31CKNJ SPA,10000000108,Panificio,Viareggio,CO,Emilia-Romagna,Bronze,2023-07-29
AC00109,Altro I3TNWL SPA,10000000109,Panificio,Firenze,CN,Lombardia,Gold,2024-10-27
AC00110,Ristorante AYPWNR SRL,10000000110,Altro,La Spezia,CN,Emilia-Romagna,Gold,2024-09-08
AC00111,Bar UHHWUR SRL,10000000111,Ristorante,Parma,PO,Liguria,Bronze,2022-04-09
AC00112,Pizzeria MZ7C5U Ditta Individuale,10000000112,Gelateria,Novara,PC,Piemonte,Silver,2023-04-21
AC00113,Ristorante 1VYWXR SPA,10000000113,Alimentari,Cremona,MB,Emilia-Romagna,Platinum,2022-09-12
AC00114,Macelleria PXVH9Q SAS,10000000114,Altro,Arezzo,RN,Valle d'Aosta,Silver,2022-03-27
AC00115,Gelateria 5L1ZKY Cooperativa,10000000115,Gelateria,Bologna,FI,Toscana,Silver,2023-04-13
AC00116,Catering E12W4K SPA,10000000116,Ristorante,Rimini,BO,Liguria,Platinum,2025-12-21
AC00117,Panificio RG69OA SAS,10000000117,Catering,Cremona,MS,Piemonte,Bronze,2023-03-18
AC00118,Pescheria K6GFOK SAS,10000000118,Catering,Reggio Emilia,CR,Lombardia,Bronze,2024-04-11
AC00119,Macelleria NV8K1O Cooperativa,10000000119,Ristorante,Brescia,AO,Lombardia,Gold,2024-01-10
AC00120,Catering XQ61Y7 Cooperativa,10000000120,Alimentari,Bergamo,RA,Toscana,Gold,2025-07-11
AC00121,Catering MX80II SRL,10000000121,Catering,Milano,MB,Piemonte,Silver,2024-02-18
AC00122,Bar 22JM0X Cooperativa,10000000122,Pescheria,Imperia,BS,Valle d'Aosta,Silver,2024-01-07
AC00123,Catering KS8ENW SRL,10000000123,Mensa,Forlì,LU,Lombardia,Gold,2024-05-21
AC00124,Pizzeria MSPD7R Cooperativa,10000000124,Catering,Cremona,RA,Valle d'Aosta,Bronze,2022-03-13
AC00125,Bar NS3BPW SPA,10000000125,Alimentari,La Spezia,SP,Emilia-Romagna,Bronze,2022-12-26
AC00126,Gelateria JGR6IJ SAS,10000000126,Mensa,La Spezia,PV,Lombardia,Bronze,2023-07-25
AC00127,Catering YIIIHS SRL,10000000127,Panificio,Torino,PV,Liguria,Silver,2023-04-25
AC00128,Hotel EYR4NC SRL,10000000128,Pizzeria,Genova,VA,Liguria,Gold,2022-09-20
AC00129,Hotel XISRBM Ditta Individuale,10000000129,Pizzeria,Parma,CO,Toscana,Gold,2022-05-07
AC00130,Panificio DMRS58 SRL,10000000130,Macelleria,Imperia,MI,Lombardia,Silver,2023-10-29
AC00131,Gelateria WSFNKU SRL,10000000131,Macelleria,Lucca,AR,Piemonte,Gold,2025-03-03
AC00132,Panificio MCR2H1 Ditta Individuale,10000000132,Pizzeria,Carrara,CO,Lombardia,Platinum,2024-07-16
AC00133,Macelleria ARRHS8 SAS,10000000133,Altro,Varese,RE,Liguria,Bronze,2024-09-12
AC00134,Pizzeria YQ8I1M SPA,10000000134,Gelateria,Brescia,PO,Toscana,Gold,2025-12-30
AC00135,Catering FGUXNC Cooperativa,10000000135,Mensa,Pisa,PR,Piemonte,Bronze,2022-01-01
AC00136,Mensa DTKW3Q SRL,10000000136,Pescheria,Carrara,MI,Lombardia,Silver,2024-09-03
AC00137,Gelateria JM33GG SPA,10000000137,Pescheria,Prato,PV,Liguria,Bronze,2025-04-05
AC00138,Macelleria HMUG0C Ditta Individuale,10000000138,Panificio,Savona,PO,Lombardia,Silver,2023-08-14
AC00139,Altro YT4BES SPA,10000000139,Bar,Viareggio,RE,Emilia-Romagna,Silver,2022-03-22
AC00140,Pescheria R7XJ6O SPA,10000000140,Gelateria,Parma,RN,Lombardia,Silver,2024-09-21
AC00141,Gelateria UTJQH5 SAS,10000000141,Altro,Prato,PI,Lombardia,Gold,2023-07-13
AC00142,Ristorante IBWYJR Cooperativa,10000000142,Pescheria,Chiavari,BO,Lombardia,Bronze,2025-05-10
AC00143,Ristorante N6PZS9 SPA,10000000143,Panificio,Chiavari,IM,Toscana,Silver,2025-03-19
AC00144,Ristorante RV45OE Cooperativa,10000000144,Bar,Piacenza,BS,Piemonte,Silver,2022-06-16
AC00145,Pescheria 1G1O5S Ditta Individuale,10000000145,Panificio,Genova,RN,Liguria,Silver,2022-05-24
AC00146,Pizzeria 7KDE7N SPA,10000000146,Hotel,Aosta,SP,Emilia-Romagna,Silver,2024-05-15
AC00147,Gelateria D4TGSE SAS,10000000147,Alimentari,Cuneo,AR,Toscana,Gold,2023-08-11
AC00148,Catering DIIBGD SAS,10000000148,Pizzeria,Chiavari,SI,Piemonte,Bronze,2025-11-13
AC00149,Hotel R5X5HO SAS,10000000149,Macelleria,Parma,MB,Valle d'Aosta,Gold,2024-01-04
AC00150,Mensa 1WFYQQ SAS,10000000150,Panificio,Bologna,TO,Toscana,Gold,2025-01-16
AC00151,Hotel BUHM60 SAS,10000000151,Panificio,Forlì,AL,Piemonte,Gold,2024-11-16
AC00152,Alimentari PE0MS7 SAS,10000000152,Gelateria,Imperia,CN,Toscana,Silver,2025-11-09
AC00153,Altro UFYBJA SAS,10000000153,Ristorante,Sestri Levante,PC,Emilia-Romagna,Bronze,2025-10-08
AC00154,Bar UPBLWC Ditta Individuale,10000000154,Ristorante,Ravenna,FI,Valle d'Aosta,Silver,2025-07-29
AC00155,Macelleria ISSFJK Cooperativa,10000000155,Ristorante,Prato,LU,Lombardia,Bronze,2024-09-26
AC00156,Altro VPLERG SRL,10000000156,Catering,La Spezia,PI,Valle d'Aosta,Gold,2024-03-24
AC00157,Macelleria EBUFBZ Ditta Individuale,10000000157,Catering,Novara,CR,Piemonte,Bronze,2023-09-27
AC00158,Ristorante 5Y66IY Cooperativa,10000000158,Bar,Como,CN,Emilia-Romagna,Gold,2024-05-30
AC00159,Altro Q356PE Ditta Individuale,10000000159,Ristorante,Como,IM,Piemonte,Platinum,2025-05-08
AC00160,Hotel G32NM3 SPA,10000000160,Mensa,Carrara,FC,Liguria,Gold,2022-05-19
AC00161,Bar Z268PH Cooperativa,10000000161,Pizzeria,Grosseto,LU,Lombardia,Gold,2025-06-15
AC00162,Catering 0QU271 Cooperativa,10000000162,Panificio,Reggio Emilia,AO,Valle d'Aosta,Silver,2024-01-11
AC00163,Macelleria EZAOSZ Ditta Individuale,10000000163,Pescheria,Bergamo,BO,Lombardia,Silver,2025-03-02
AC00164,Pizzeria 9VPH6D Cooperativa,10000000164,Hotel,Sestri Levante,MS,Piemonte,Bronze,2022-06-14
AC00165,Pescheria W40S80 Ditta Individuale,10000000165,Bar,Asti,MB,Liguria,Bronze,2023-03-22
AC00166,Mensa C5AJ7G SAS,10000000166,Panificio,Brescia,MB,Valle d'Aosta,Silver,2024-11-02
AC00167,Alimentari S4QLH5 SPA,10000000167,Alimentari,Ravenna,CO,Piemonte,Gold,2025-10-20
AC00168,Gelateria TF9J6Y Ditta Individuale,10000000168,Bar,Torino,PR,Toscana,Silver,2023-02-01
AC00169,Gelateria Q0KZHV Cooperativa,10000000169,Catering,Livorno,LI,Piemonte,Silver,2025-11-01
AC00170,Catering VP50G3 SPA,10000000170,Macelleria,Pavia,PI,Piemonte,Gold,2023-10-28
AC00171,Altro K49FNB SRL,10000000171,Panificio,Lucca,MS,Valle d'Aosta,Silver,2024-04-10
AC00172,Panificio 3XG6MH SRL,10000000172,Catering,Monza,AO,Valle d'Aosta,Gold,2024-04-02
AC00173,Hotel 93E693 SRL,10000000173,Alimentari,Chiavari,PI,Lombardia,Bronze,2023-05-04
AC00174,Gelateria SVEX91 Ditta Individuale,10000000174,Mensa,Asti,MB,Lombardia,Silver,2023-04-03
AC00175,Catering JY0G8D Ditta Individuale,10000000175,Gelateria,Milano,FI,Emilia-Romagna,Silver,2025-07-23
AC00176,Panificio DKRV93 Cooperativa,10000000176,Ristorante,Bologna,RA,Lombardia,Bronze,2022-01-05
AC00177,Altro 2YZB0U SRL,10000000177,Alimentari,Pisa,SI,Liguria,Gold,2022-06-29
AC00178,Catering XUAU5C SAS,10000000178,Panificio,Lucca,VA,Emilia-Romagna,Silver,2024-02-29
AC00179,Alimentari W5GRT3 Ditta Individuale,10000000179,Panificio,Livorno,TO,Emilia-Romagna,Bronze,2023-05-14
AC00180,Hotel Q4K91O Cooperativa,10000000180,Bar,Siena,SV,Toscana,Silver,2023-08-09
AC00181,Hotel 22TZ08 SPA,10000000181,Bar,Ravenna,FI,Piemonte,Silver,2025-07-19
AC00182,Pescheria 4VZLJV SAS,10000000182,Bar,Savona,MB,Valle d'Aosta,Gold,2025-08-12
AC00183,Catering I2DNUX SAS,10000000183,Bar,Torino,FC,Emilia-Romagna,Bronze,2023-07-18
AC00184,Hotel MJW58S Cooperativa,10000000184,Ristorante,Firenze,FC,Valle d'Aosta,Silver,2025-08-11
AC00185,Panificio KU6TBN SRL,10000000185,Macelleria,Alessandria,SV,Valle d'Aosta,Gold,2024-02-11
AC00186,Pizzeria SE8PUF SRL,10000000186,Altro,Novara,RA,Emilia-Romagna,Gold,2022-08-05
AC00187,Catering NDX4AC Ditta Individuale,10000000187,Panificio,Pisa,CR,Lombardia,Bronze,2025-09-20
AC00188,Mensa GK358S SAS,10000000188,Pizzeria,Imperia,AO,Lombardia,Silver,2023-04-04
AC00189,Catering F6XTKG Cooperativa,10000000189,Bar,Pavia,FI,Toscana,Bronze,2023-05-09
AC00190,Pizzeria QQGKEL SAS,10000000190,Pescheria,Milano,AL,Liguria,Platinum,2022-04-28
AC00191,Bar IN2TVQ SRL,10000000191,Gelateria,Alessandria,RE,Lombardia,Gold,2022-09-21
AC00192,Pizzeria 0D1TW5 SAS,10000000192,Panificio,Novara,CN,Piemonte,Silver,2022-09-04
AC00193,Bar UVFL5A SPA,10000000193,Bar,Aosta,RE,Piemonte,Gold,2025-10-02
AC00194,Macelleria DG7P8J Ditta Individuale,10000000194,Altro,Genova,IM,Toscana,Gold,2022-09-08
AC00195,Bar B0JEMX Ditta Individuale,10000000195,Pescheria,Bologna,CO,Piemonte,Bronze,2022-12-26
AC00196,Pizzeria 7QXBKZ Cooperativa,10000000196,Hotel,Cremona,SV,Lombardia,Bronze,2023-11-03
AC00197,Catering DLCZTY SPA,10000000197,Macelleria,Torino,RA,Toscana,Bronze,2025-07-14
AC00198,Ristorante MTVQEC Cooperativa,10000000198,Hotel,Livorno,SI,Toscana,Bronze,2024-12-07
AC00199,Panificio 5WYXPB SRL,10000000199,Hotel,Bergamo,RN,Emilia-Romagna,Silver,2025-11-20
AC00200,Gelateria 7K7G6T SPA,10000000200,Altro,Imperia,PR,Liguria,Silver,2025-05-06
AC00201,Ristorante EIY8PW SAS,10000000201,Pizzeria,Chiavari,MO,Piemonte,Silver,2023-04-22
AC00202,Catering 3AII01 SAS,10000000202,Hotel,Cuneo,AT,Toscana,Bronze,2023-07-13
AC00203,Altro 7N5F44 SAS,10000000203,Ristorante,Rimini,PO,Valle d'Aosta,Gold,2025-12-08
AC00204,Alimentari 1U83A4 Cooperativa,10000000204,Macelleria,Como,PR,Emilia-Romagna,Silver,2023-07-31
AC00205,Mensa ILU27B SPA,10000000205,Pescheria,Chiavari,RE,Toscana,Silver,2024-09-26
AC00206,Ristorante PEWEVX SPA,10000000206,Bar,Brescia,PV,Liguria,Bronze,2025-10-06
AC00207,Alimentari LXZ8ZT Ditta Individuale,10000000207,Macelleria,Cuneo,PI,Liguria,Silver,2022-05-24
AC00208,Bar TAR3OU Ditta Individuale,10000000208,Pizzeria,Cremona,GR,Piemonte,Silver,2022-01-28
AC00209,Panificio AR6QDO Ditta Individuale,10000000209,Macelleria,Forlì,MS,Piemonte,Platinum,2025-12-05
AC00210,Hotel IXXQT4 Ditta Individuale,10000000210,Altro,Novara,AO,Toscana,Silver,2024-12-04
AC00211,Mensa 7UTTR4 Ditta Individuale,10000000211,Mensa,Sanremo,CN,Valle d'Aosta,Bronze,2024-10-06
AC00212,Panificio 9HPOSZ SAS,10000000212,Pizzeria,Parma,AR,Valle d'Aosta,Bronze,2025-05-13
AC00213,Pizzeria T7XHII SRL,10000000213,Bar,Cuneo,NO,Liguria,Bronze,2024-08-28
AC00214,Mensa MOKAP7 SPA,10000000214,Mensa,Grosseto,GR,Valle d'Aosta,Silver,2025-10-14
AC00215,Bar 2O01UW SAS,10000000215,Altro,Pisa,TO,Emilia-Romagna,Gold,2022-04-17
AC00216,Hotel GQ4OD8 SPA,10000000216,Pizzeria,Parma,CR,Emilia-Romagna,Silver,2024-03-28
AC00217,Mensa LWSA07 SPA,10000000217,Macelleria,Aosta,RA,Liguria,Bronze,2022-12-10
AC00218,Altro 5INWVL SPA,10000000218,Altro,Reggio Emilia,VA,Toscana,Bronze,2023-10-20
AC00219,Bar U6N185 SRL,10000000219,Mensa,Massa,SI,Emilia-Romagna,Platinum,2022-04-05
AC00220,Alimentari LZ3F2A SAS,10000000220,Ristorante,Varese,GR,Valle d'Aosta,Platinum,2023-08-29
AC00221,Ristorante 44Q9LH SRL,10000000221,Gelateria,Brescia,CO,Emilia-Romagna,Bronze,2022-02-10
AC00222,Hotel SAHOJL Cooperativa,10000000222,Panificio,Siena,PR,Lombardia,Silver,2022-05-20
AC00223,Panificio TCTZXC SPA,10000000223,Macelleria,Imperia,MB,Emilia-Romagna,Silver,2025-10-19
AC00224,Hotel UZNU61 SPA,10000000224,Altro,Alessandria,SI,Piemonte,Gold,2024-04-24
AC00225,Mensa MAKABC Ditta Individuale,10000000225,Pescheria,Genova,MB,Piemonte,Silver,2024-07-12
AC00226,Altro TTQVMT Cooperativa,10000000226,Macelleria,Arezzo,BG,Lombardia,Bronze,2025-04-15
AC00227,Hotel JD8024 SPA,10000000227,Pizzeria,Varese,SP,Valle d'Aosta,Silver,2022-04-04
AC00228,Macelleria QIGZ37 SRL,10000000228,Pizzeria,Sestri Levante,MS,Piemonte,Platinum,2022-11-14
AC00229,Mensa M3R2JW SRL,10000000229,Gelateria,Brescia,BO,Toscana,Gold,2023-07-10
AC00230,Altro U3D9T4 SRL,10000000230,Pescheria,La Spezia,PR,Piemonte,Silver,2024-07-20
AC00231,Catering C23MO4 SRL,10000000231,Macelleria,Chiavari,PO,Emilia-Romagna,Silver,2023-11-09
AC00232,Hotel KGY3TE SRL,10000000232,Alimentari,Imperia,RA,Piemonte,Bronze,2023-01-17
AC00233,Hotel PVYZZ9 SRL,10000000233,Catering,Cremona,FI,Piemonte,Silver,2024-12-14
AC00234,Gelateria A4LCJI Cooperativa,10000000234,Pescheria,Imperia,VA,Piemonte,Bronze,2022-12-24
AC00235,Pescheria DQ7XII SRL,10000000235,Macelleria,Livorno,PR,Lombardia,Silver,2024-07-14
AC00236,Pescheria DVEP97 Cooperativa,10000000236,Panificio,Chiavari,SI,Liguria,Bronze,2024-07-26
AC00237,Gelateria 2QFNQT Cooperativa,10000000237,Pizzeria,Parma,MB,Valle d'Aosta,Silver,2024-04-20
AC00238,Hotel YDURCI Ditta Individuale,10000000238,Mensa,Sestri Levante,MB,Emilia-Romagna,Gold,2023-07-11
AC00239,Macelleria 24DYO9 SPA,10000000239,Panificio,Torino,LU,Liguria,Gold,2025-08-05
AC00240,Mensa NE5R7K SRL,10000000240,Mensa,Bergamo,SI,Valle d'Aosta,Bronze,2024-09-13
AC00241,Mensa DV6FNV Cooperativa,10000000241,Pescheria,Prato,FC,Lombardia,Bronze,2024-07-24
AC00242,Hotel 3IQ34S SPA,10000000242,Panificio,Viareggio,RA,Piemonte,Gold,2023-09-03
AC00243,Alimentari RT2FI4 Cooperativa,10000000243,Panificio,Arezzo,AT,Lombardia,Silver,2022-11-03
AC00244,Pizzeria LCEGQ8 Ditta Individuale,10000000244,Catering,Sanremo,AO,Liguria,Bronze,2022-12-13
AC00245,Altro 5QOUSG Ditta Individuale,10000000245,Gelateria,Prato,AR,Liguria,Bronze,2022-02-17
AC00246,Bar 97E1ML SRL,10000000246,Hotel,Genova,RA,Liguria,Silver,2022-08-27
AC00247,Hotel HXG7H6 SPA,10000000247,Ristorante,Livorno,AT,Lombardia,Bronze,2024-10-27
AC00248,Alimentari 7804CX SRL,10000000248,Panificio,Parma,SI,Liguria,Platinum,2022-07-23
AC00249,Alimentari AZ8A89 SRL,10000000249,Pizzeria,Forlì,PI,Emilia-Romagna,Silver,2023-05-17
AC00250,Bar 40M4AW SRL,10000000250,Bar,Como,BS,Piemonte,Bronze,2023-04-23
AC00251,Hotel WQVF4Z SRL,10000000251,Bar,Prato,LI,Emilia-Romagna,Silver,2025-06-24
AC00252,Altro QU15QK SRL,10000000252,Pizzeria,Modena,AT,Lombardia,Bronze,2022-01-09
AC00253,Catering 6A1CP2 Ditta Individuale,10000000253,Alimentari,Alessandria,LI,Liguria,Platinum,2022-01-01
AC00254,Pizzeria S42R4D SPA,10000000254,Bar,Savona,VA,Lombardia,Bronze,2024-04-07
AC00255,Altro 5JO5TW SPA,10000000255,Mensa,Torino,PI,Emilia-Romagna,Silver,2023-02-04
AC00256,Macelleria 8OHYVY SPA,10000000256,Macelleria,Pavia,SI,Emilia-Romagna,Gold,2022-11-20
AC00257,Macelleria SY8UFT SAS,10000000257,Alimentari,Bergamo,GR,Lombardia,Bronze,2024-09-02
AC00258,Altro WWAGIG SPA,10000000258,Catering,Prato,CO,Liguria,Bronze,2022-12-14
AC00259,Pescheria 9O4MXS SAS,10000000259,Macelleria,Ravenna,MO,Lombardia,Bronze,2022-11-02
AC00260,Pizzeria 3HKAH9 SRL,10000000260,Macelleria,Asti,BO,Valle d'Aosta,Platinum,2025-09-19
AC00261,Mensa HQ7IBM SRL,10000000261,Pescheria,Piacenza,LI,Valle d'Aosta,Bronze,2024-05-30
AC00262,Pizzeria NI7NDD Cooperativa,10000000262,Altro,Lucca,GE,Lombardia,Silver,2023-11-25
AC00263,Altro TR5DYB SPA,10000000263,Alimentari,Firenze,RA,Lombardia,Bronze,2024-09-29
AC00264,Pizzeria BE5TWP SAS,10000000264,Alimentari,Livorno,TO,Toscana,Bronze,2024-08-04
AC00265,Hotel IMXMQ9 SAS,10000000265,Ristorante,Modena,BS,Toscana,Bronze,2025-11-24
AC00266,Ristorante Q8Q4HI Ditta Individuale,10000000266,Gelateria,Sanremo,AO,Emilia-Romagna,Silver,2022-12-13
AC00267,Pescheria K6XU2T Ditta Individuale,10000000267,Pescheria,Viareggio,PC,Emilia-Romagna,Gold,2024-11-19
AC00268,Mensa X0T0C9 Ditta Individuale,10000000268,Alimentari,Lucca,RE,Liguria,Silver,2023-12-23
AC00269,Macelleria 0X4FFT Ditta Individuale,10000000269,Panificio,Viareggio,SI,Valle d'Aosta,Bronze,2022-01-24
AC00270,Bar N3R3Y4 SAS,10000000270,Altro,Sestri Levante,LI,Toscana,Silver,2023-06-06
AC00271,Bar EJLFSL SAS,10000000271,Altro,Parma,CN,Toscana,Silver,2022-11-15
AC00272,Mensa VXXCQX SPA,10000000272,Macelleria,Firenze,FI,Emilia-Romagna,Bronze,2023-01-30
AC00273,Pizzeria 3RE7Q9 SPA,10000000273,Pescheria,Piacenza,PC,Valle d'Aosta,Silver,2022-05-12
AC00274,Mensa AGTGV3 SAS,10000000274,Panificio,Arezzo,RE,Lombardia,Bronze,2022-09-01
AC00275,Panificio TXHU4K Ditta Individuale,10000000275,Gelateria,Monza,TO,Piemonte,Bronze,2025-11-02
AC00276,Panificio 5EPEU8 Cooperativa,10000000276,Altro,Forlì,MI,Valle d'Aosta,Bronze,2022-08-16
AC00277,Gelateria 79KHOE SAS,10000000277,Ristorante,Imperia,CR,Piemonte,Gold,2022-06-26
AC00278,Altro OJOPTF SPA,10000000278,Gelateria,Imperia,SV,Toscana,Bronze,2023-02-17
AC00279,Mensa 5FXF2Z Cooperativa,10000000279,Pizzeria,Modena,BO,Piemonte,Bronze,2022-01-15
AC00280,Macelleria 9R8HGO Ditta Individuale,10000000280,Mensa,Ravenna,PV,Piemonte,Silver,2025-07-26
AC00281,Ristorante QYLX9C SPA,10000000281,Pescheria,Firenze,PR,Toscana,Silver,2025-03-06
AC00282,Pizzeria 7AYU81 Cooperativa,10000000282,Gelateria,Lucca,VA,Lombardia,Bronze,2024-12-17
AC00283,Ristorante DN7P8N Cooperativa,10000000283,Alimentari,Genova,MO,Piemonte,Bronze,2022-03-14
AC00284,Macelleria 0UU9YF SRL,10000000284,Gelateria,Cremona,SP,Emilia-Romagna,Bronze,2022-02-12
AC00285,Hotel Y627BK SAS,10000000285,Gelateria,Asti,TO,Lombardia,Silver,2022-09-21
AC00286,Pescheria HFO6PQ SAS,10000000286,Alimentari,Arezzo,MO,Lombardia,Bronze,2025-07-28
AC00287,Pescheria 0C2OJK SRL,10000000287,Hotel,Grosseto,PV,Toscana,Silver,2024-09-17
AC00288,Alimentari 8P0Z5Z Ditta Individuale,10000000288,Macelleria,Cuneo,GR,Toscana,Silver,2023-11-06
AC00289,Gelateria BRSXF4 SAS,10000000289,Pizzeria,Sestri Levante,CO,Piemonte,Silver,2023-10-18
AC00290,Altro KRC5P8 SAS,10000000290,Pescheria,La Spezia,CO,Toscana,Bronze,2022-10-26
AC00291,Pescheria RJMWQW SRL,10000000291,Ristorante,Rimini,SI,Emilia-Romagna,Gold,2024-05-31
AC00292,Altro DNF2LO SRL,10000000292,Ristorante,Massa,PI,Toscana,Bronze,2025-09-05
AC00293,Gelateria V3F86I SPA,10000000293,Catering,Forlì,BG,Toscana,Gold,2023-05-10
AC00294,Ristorante LEUVSB SAS,10000000294,Alimentari,Sestri Levante,CO,Toscana,Gold,2022-01-04
AC00295,Ristorante V4IYZF SPA,10000000295,Panificio,Reggio Emilia,AT,Liguria,Silver,2025-02-10
AC00296,Panificio 9U6LOR Cooperativa,10000000296,Hotel,Asti,AL,Valle d'Aosta,Bronze,2023-09-18
AC00297,Pescheria NSHSIR Ditta Individuale,10000000297,Gelateria,Chiavari,FC,Emilia-Romagna,Bronze,2024-07-19
AC00298,Altro G0T8Q5 Cooperativa,10000000298,Pizzeria,Viareggio,GE,Valle d'Aosta,Bronze,2025-07-25
AC00299,Alimentari 9SYJC1 Cooperativa,10000000299,Hotel,Milano,GE,Valle d'Aosta,Silver,2022-02-11
AC00300,Macelleria DRIC5N SAS,10000000300,Hotel,Aosta,MI,Valle d'Aosta,Silver,2022-07-17
AC00301,Gelateria 46E3ZH SPA,10000000301,Hotel,Prato,AO,Valle d'Aosta,Bronze,2025-10-17
AC00302,Mensa RVIJAO Ditta Individuale,10000000302,Mensa,Lucca,TO,Valle d'Aosta,Gold,2025-11-08
AC00303,Macelleria 00I4KD SPA,10000000303,Gelateria,Siena,BS,Toscana,Silver,2025-12-31
AC00304,Hotel K4JW6X Cooperativa,10000000304,Panificio,Prato,PI,Emilia-Romagna,Gold,2024-01-23
AC00305,Mensa W68EAH SPA,10000000305,Altro,Varese,CO,Liguria,Silver,2023-10-11
AC00306,Pescheria 2MK7BL SAS,10000000306,Mensa,Cremona,MB,Emilia-Romagna,Platinum,2024-09-13
AC00307,Catering QIJF25 Ditta Individuale,10000000307,Alimentari,Torino,SI,Emilia-Romagna,Silver,2022-11-29
AC00308,Bar EI9H5G Cooperativa,10000000308,Catering,Bologna,AR,Liguria,Gold,2025-04-11
AC00309,Ristorante LLNGF8 Ditta Individuale,10000000309,Bar,Livorno,MS,Piemonte,Gold,2024-02-03
AC00310,Macelleria O1RCC9 Cooperativa,10000000310,Bar,Aosta,SI,Toscana,Gold,2022-03-02
AC00311,Mensa F0DILX SAS,10000000311,Ristorante,Imperia,SV,Piemonte,Silver,2022-04-22
AC00312,Alimentari 18SDZ3 Ditta Individuale,10000000312,Gelateria,Imperia,VA,Piemonte,Bronze,2023-01-11
AC00313,Catering ESR04D SRL,10000000313,Mensa,Parma,FI,Liguria,Silver,2024-09-10
AC00314,Ristorante LDOMIV SPA,10000000314,Altro,Massa,LU,Toscana,Silver,2024-06-14
AC00315,Mensa UBLMW2 SRL,10000000315,Alimentari,Cremona,AR,Valle d'Aosta,Bronze,2024-08-19
AC00316,Gelateria 38IRHY Cooperativa,10000000316,Pescheria,Alessandria,SP,Toscana,Bronze,2023-01-17
AC00317,Macelleria AE1Y8C SAS,10000000317,Pescheria,La Spezia,BS,Liguria,Platinum,2022-11-28
AC00318,Macelleria GUH7DM SPA,10000000318,Macelleria,Cremona,LI,Emilia-Romagna,Gold,2024-12-20
AC00319,Alimentari I93GHP SPA,10000000319,Mensa,Arezzo,GR,Emilia-Romagna,Bronze,2024-08-31
AC00320,Alimentari SBDGB0 SPA,10000000320,Alimentari,Pisa,SI,Valle d'Aosta,Silver,2024-08-29
AC00321,Gelateria K0NORB Cooperativa,10000000321,Altro,Sanremo,RN,Lombardia,Silver,2022-08-15
AC00322,Panificio 6CQCYQ Cooperativa,10000000322,Gelateria,Pisa,FI,Piemonte,Silver,2022-12-29
AC00323,Bar NVPB4U SRL,10000000323,Gelateria,Bergamo,PV,Emilia-Romagna,Gold,2022-06-07
AC00324,Gelateria AF5JTR SAS,10000000324,Mensa,Bologna,FC,Liguria,Silver,2023-10-02
AC00325,Catering 56DEEB SRL,10000000325,Catering,Ravenna,MI,Lombardia,Bronze,2022-03-12
AC00326,Ristorante 5N3ILE SRL,10000000326,Pescheria,Livorno,CO,Liguria,Bronze,2024-09-17
AC00327,Ristorante KYNLVW SPA,10000000327,Catering,Chiavari,PO,Valle d'Aosta,Bronze,2022-01-19
AC00328,Pizzeria A5KWJK SRL,10000000328,Pizzeria,Monza,TO,Piemonte,Gold,2022-05-23
AC00329,Catering NIDQ2E SAS,10000000329,Pescheria,Varese,BG,Toscana,Silver,2022-02-28
AC00330,Bar S4KXRR SAS,10000000330,Panificio,Viareggio,MO,Piemonte,Bronze,2025-02-02
AC00331,Altro ZPAMBB SAS,10000000331,Hotel,Prato,TO,Emilia-Romagna,Silver,2023-01-06
AC00332,Macelleria 8OL8DA SAS,10000000332,Gelateria,Varese,CN,Liguria,Bronze,2022-10-28
AC00333,Macelleria TMIFON SAS,10000000333,Altro,Lucca,PR,Toscana,Bronze,2025-07-27
AC00334,Ristorante NDWBNS SAS,10000000334,Alimentari,Imperia,MI,Valle d'Aosta,Bronze,2025-07-21
AC00335,Panificio AFMYD1 SPA,10000000335,Pescheria,Imperia,BG,Toscana,Platinum,2023-02-18
AC00336,Hotel G49689 SPA,10000000336,Ristorante,Genova,PC,Toscana,Bronze,2024-08-18
AC00337,Pizzeria J8OYGU Cooperativa,10000000337,Pescheria,Varese,SI,Piemonte,Bronze,2024-06-29
AC00338,Panificio ME741P SPA,10000000338,Macelleria,Parma,CR,Lombardia,Silver,2023-05-17
AC00339,Catering 7VL166 Ditta Individuale,10000000339,Bar,Pavia,SP,Liguria,Gold,2022-04-12
AC00340,Gelateria Z64HFD SPA,10000000340,Mensa,Sestri Levante,VA,Valle d'Aosta,Bronze,2025-10-20
AC00341,Mensa 2UNM9L SPA,10000000341,Catering,Varese,PR,Valle d'Aosta,Bronze,2023-06-30
AC00342,Alimentari 6240FT SRL,10000000342,Bar,Como,NO,Emilia-Romagna,Gold,2023-05-15
AC00343,Panificio JKHU7L SAS,10000000343,Altro,Ravenna,PR,Emilia-Romagna,Gold,2022-10-23
AC00344,Mensa TFKNN1 SRL,10000000344,Macelleria,Novara,BS,Valle d'Aosta,Silver,2023-06-21
AC00345,Macelleria RC5WDD SPA,10000000345,Altro,Piacenza,PI,Emilia-Romagna,Bronze,2025-09-03
AC00346,Catering F9L98P SPA,10000000346,Pescheria,Imperia,SV,Piemonte,Platinum,2025-02-03
AC00347,Pizzeria 2HVCQX SAS,10000000347,Macelleria,Bologna,GR,Lombardia,Silver,2022-12-02
AC00348,Macelleria KE34QE SRL,10000000348,Hotel,Carrara,BG,Lombardia,Silver,2023-08-05
AC00349,Pizzeria 8XYNJS SRL,10000000349,Pizzeria,Grosseto,AR,Valle d'Aosta,Bronze,2025-05-01
AC00350,Gelateria CNRIPE SPA,10000000350,Macelleria,Ravenna,MB,Emilia-Romagna,Bronze,2025-10-06
AC00351,Catering F9XK34 SRL,10000000351,Pizzeria,Rimini,RA,Emilia-Romagna,Silver,2023-05-27
AC00352,Panificio 4IANT1 Cooperativa,10000000352,Hotel,Reggio Emilia,CR,Emilia-Romagna,Silver,2023-03-07
AC00353,Macelleria UJPSQB SPA,10000000353,Pizzeria,Cuneo,CO,Emilia-Romagna,Bronze,2024-09-10
AC00354,Alimentari CFCY42 SPA,10000000354,Hotel,Genova,CN,Liguria,Silver,2022-12-04
AC00355,Alimentari CAWZMV Cooperativa,10000000355,Panificio,Carrara,PR,Lombardia,Silver,2022-08-16
AC00356,Pizzeria HDKTEQ Cooperativa,10000000356,Macelleria,Cuneo,LI,Emilia-Romagna,Silver,2025-05-30
AC00357,Panificio I845ZV SRL,10000000357,Macelleria,Piacenza,SV,Liguria,Bronze,2023-07-24
AC00358,Macelleria IYYH9L Cooperativa,10000000358,Hotel,Asti,FI,Emilia-Romagna,Platinum,2022-04-16
AC00359,Pescheria N2NTH2 SPA,10000000359,Macelleria,Cremona,PR,Piemonte,Bronze,2022-02-09
AC00360,Mensa U0URGZ SAS,10000000360,Catering,Torino,SV,Liguria,Silver,2022-02-02
AC00361,Bar S9AUHL Cooperativa,10000000361,Pizzeria,Imperia,AT,Valle d'Aosta,Gold,2024-02-04
AC00362,Gelateria SSE5N7 SAS,10000000362,Bar,Cuneo,SP,Piemonte,Platinum,2024-02-29
AC00363,Bar EMGQ58 Cooperativa,10000000363,Mensa,Sestri Levante,IM,Piemonte,Silver,2023-08-20
AC00364,Gelateria 2U5CR0 SRL,10000000364,Hotel,Genova,BG,Liguria,Bronze,2024-06-08
AC00365,Panificio HRTBQ0 SAS,10000000365,Altro,Viareggio,SV,Valle d'Aosta,Silver,2024-11-03
AC00366,Gelateria UG9NCH SPA,10000000366,Pizzeria,Varese,SV,Lombardia,Bronze,2025-08-25
AC00367,Bar 5T3TXY SAS,10000000367,Ristorante,Torino,RA,Emilia-Romagna,Gold,2025-05-03
AC00368,Pescheria 9HTDOB SAS,10000000368,Alimentari,Chiavari,PC,Lombardia,Bronze,2023-08-24
AC00369,Bar O64Z9T SRL,10000000369,Bar,Bergamo,BG,Lombardia,Gold,2022-04-28
AC00370,Hotel 4SDQZL SRL,10000000370,Macelleria,Chiavari,CO,Toscana,Silver,2025-12-15
AC00371,Macelleria 24CSZ2 SAS,10000000371,Ristorante,Forlì,AL,Piemonte,Platinum,2025-09-15
AC00372,Panificio 7GMM3G Ditta Individuale,10000000372,Altro,Cuneo,GR,Piemonte,Gold,2025-11-11
AC00373,Hotel 77HTE6 Ditta Individuale,10000000373,Hotel,Alessandria,NO,Piemonte,Silver,2022-12-10
AC00374,Hotel RWLIVM Ditta Individuale,10000000374,Gelateria,Imperia,FC,Liguria,Bronze,2025-07-06
AC00375,Hotel W9PKRM Cooperativa,10000000375,Ristorante,Prato,AR,Liguria,Platinum,2022-08-20
AC00376,Panificio W51I42 SPA,10000000376,Mensa,Sestri Levante,MB,Piemonte,Gold,2023-02-23
AC00377,Ristorante 4QZ01D SAS,10000000377,Gelateria,Reggio Emilia,AO,Toscana,Silver,2022-02-19
AC00378,Panificio CR51T0 SAS,10000000378,Pizzeria,Como,GR,Emilia-Romagna,Bronze,2022-11-06
AC00379,Gelateria 4R7ECO Cooperativa,10000000379,Pizzeria,Modena,SV,Valle d'Aosta,Silver,2024-01-08
AC00380,Altro C6L99A SRL,10000000380,Macelleria,Bergamo,TO,Emilia-Romagna,Silver,2025-09-22
AC00381,Mensa 5C5IN8 Ditta Individuale,10000000381,Panificio,Arezzo,CO,Lombardia,Bronze,2023-03-03
AC00382,Mensa QFP4GN SPA,10000000382,Catering,Genova,GE,Emilia-Romagna,Silver,2022-08-28
AC00383,Mensa KJLEUY Cooperativa,10000000383,Macelleria,Aosta,PI,Piemonte,Bronze,2025-11-20
AC00384,Pizzeria RHKPU1 SPA,10000000384,Mensa,Bologna,CO,Valle d'Aosta,Bronze,2022-04-15
AC00385,Pizzeria 3XBC4F Cooperativa,10000000385,Panificio,Asti,PI,Piemonte,Silver,2023-03-05
AC00386,Ristorante 1CF71X SRL,10000000386,Mensa,Massa,AT,Lombardia,Silver,2024-03-03
AC00387,Hotel NSGBHE SRL,10000000387,Ristorante,Torino,RA,Lombardia,Gold,2024-03-11
AC00388,Gelateria S9TMSL SRL,10000000388,Bar,Reggio Emilia,PV,Valle d'Aosta,Gold,2024-10-24
AC00389,Panificio 9ZBYTN SRL,10000000389,Pescheria,Monza,BS,Toscana,Silver,2024-01-20
AC00390,Altro Z5B71X SPA,10000000390,Ristorante,Chiavari,AL,Emilia-Romagna,Gold,2023-08-25
AC00391,Hotel 17BYTE Cooperativa,10000000391,Bar,Chiavari,PI,Liguria,Gold,2022-12-20
AC00392,Panificio 49SN3I Cooperativa,10000000392,Alimentari,Aosta,SI,Piemonte,Silver,2024-09-02
AC00393,Ristorante 8EUPGO SPA,10000000393,Catering,Modena,PC,Emilia-Romagna,Gold,2022-06-21
AC00394,Altro 259H8C Cooperativa,10000000394,Ristorante,Siena,SI,Liguria,Gold,2025-08-10
AC00395,Altro E2VQBQ Ditta Individuale,10000000395,Gelateria,Asti,FC,Toscana,Silver,2023-10-03
AC00396,Mensa ORCPUQ SPA,10000000396,Hotel,Carrara,FC,Lombardia,Gold,2025-04-06
AC00397,Bar BNSVTI SRL,10000000397,Hotel,Brescia,AT,Liguria,Silver,2023-01-10
AC00398,Macelleria RCEFTA SAS,10000000398,Altro,Livorno,MS,Valle d'Aosta,Silver,2023-04-18
AC00399,Altro RWV7KP SAS,10000000399,Panificio,Livorno,LI,Piemonte,Silver,2025-11-18
AC00400,Bar 4WH9IV SAS,10000000400,Catering,Pisa,GR,Liguria,Silver,2023-10-01
AC00401,Panificio TEBVDN Cooperativa,10000000401,Panificio,Aosta,BS,Liguria,Gold,2025-04-12
AC00402,Macelleria 172AM0 SAS,10000000402,Pizzeria,Torino,MS,Emilia-Romagna,Bronze,2025-12-06
AC00403,Alimentari DPGGZ2 Cooperativa,10000000403,Mensa,Reggio Emilia,AL,Piemonte,Bronze,2025-11-27
AC00404,Catering PWDRNV SPA,10000000404,Ristorante,Genova,CO,Valle d'Aosta,Bronze,2023-09-21
AC00405,Ristorante S1YVNQ SPA,10000000405,Ristorante,Carrara,PO,Emilia-Romagna,Silver,2023-06-12
AC00406,Bar HFQHV9 SAS,10000000406,Pescheria,Carrara,VA,Liguria,Gold,2023-02-19
AC00407,Catering IO3RAO Cooperativa,10000000407,Mensa,Grosseto,GE,Toscana,Silver,2022-04-27
AC00408,Macelleria 5PQ401 SPA,10000000408,Catering,Brescia,FI,Toscana,Gold,2024-03-05
AC00409,Pescheria HM2KF7 Ditta Individuale,10000000409,Pizzeria,Arezzo,PC,Emilia-Romagna,Silver,2023-12-03
AC00410,Ristorante DM7DFX SRL,10000000410,Bar,Carrara,AO,Lombardia,Platinum,2023-10-04
AC00411,Pizzeria 7LXG9U Ditta Individuale,10000000411,Alimentari,Piacenza,AT,Valle d'Aosta,Silver,2022-10-18
AC00412,Macelleria 4DXAV2 Ditta Individuale,10000000412,Gelateria,Asti,AT,Piemonte,Silver,2023-05-17
AC00413,Macelleria QT6G1T SRL,10000000413,Bar,Varese,FI,Valle d'Aosta,Silver,2024-08-19
AC00414,Macelleria OD0FTB Ditta Individuale,10000000414,Ristorante,Bergamo,SV,Piemonte,Silver,2025-07-03
AC00415,Macelleria 91S6AT SAS,10000000415,Pescheria,Viareggio,CO,Lombardia,Gold,2024-03-05
AC00416,Pescheria C3JCZF SRL,10000000416,Macelleria,Viareggio,SP,Lombardia,Platinum,2025-02-18
AC00417,Ristorante R2A00W Ditta Individuale,10000000417,Pizzeria,Como,CR,Lombardia,Silver,2024-02-08
AC00418,Gelateria 6U3ECZ SAS,10000000418,Altro,Carrara,BO,Lombardia,Bronze,2023-03-25
AC00419,Pescheria CGJZHL Cooperativa,10000000419,Pescheria,Firenze,BO,Emilia-Romagna,Gold,2022-06-18
AC00420,Alimentari SEPE2S SPA,10000000420,Pescheria,Carrara,CN,Toscana,Bronze,2024-05-19
AC00421,Pescheria CRCIXF SAS,10000000421,Catering,Sanremo,PV,Lombardia,Bronze,2025-06-06
AC00422,Bar HEZMAC SRL,10000000422,Alimentari,Pisa,SP,Lombardia,Gold,2023-08-27
AC00423,Hotel N7NMKM SAS,10000000423,Pescheria,Grosseto,FC,Emilia-Romagna,Bronze,2025-06-10
AC00424,Catering 977V8J Cooperativa,10000000424,Panificio,La Spezia,PR,Emilia-Romagna,Bronze,2023-04-11
AC00425,Mensa I33F3J Ditta Individuale,10000000425,Pizzeria,Varese,TO,Valle d'Aosta,Gold,2025-04-14
AC00426,Altro CASU19 Ditta Individuale,10000000426,Altro,Livorno,GR,Toscana,Bronze,2025-07-30
AC00427,Alimentari F6ZRFQ SPA,10000000427,Panificio,Imperia,RA,Toscana,Silver,2025-11-23
AC00428,Pizzeria W0A8J1 Ditta Individuale,10000000428,Altro,Grosseto,SV,Lombardia,Bronze,2022-09-26
AC00429,Bar 804Z8Q SRL,10000000429,Gelateria,Massa,MI,Liguria,Bronze,2025-04-04
AC00430,Pizzeria 1SUQGR Cooperativa,10000000430,Hotel,Ravenna,TO,Lombardia,Gold,2022-12-22
AC00431,Bar EJEOA2 SPA,10000000431,Alimentari,Prato,PV,Piemonte,Bronze,2024-05-08
AC00432,Altro JBTHO8 SRL,10000000432,Alimentari,Carrara,GE,Emilia-Romagna,Bronze,2022-07-01
AC00433,Bar 78LGS8 Cooperativa,10000000433,Hotel,Torino,CO,Valle d'Aosta,Gold,2023-05-23
AC00434,Mensa WST8RF SRL,10000000434,Ristorante,Livorno,MO,Valle d'Aosta,Gold,2025-02-11
AC00435,Altro MJCWGS SAS,10000000435,Hotel,Como,SI,Valle d'Aosta,Bronze,2024-01-17
AC00436,Pescheria 7KPMCK SAS,10000000436,Gelateria,La Spezia,MO,Liguria,Gold,2025-03-03
AC00437,Altro QFKVOE SAS,10000000437,Bar,Bologna,PV,Valle d'Aosta,Silver,2023-03-27
AC00438,Bar SPTX9M SRL,10000000438,Mensa,Piacenza,CR,Liguria,Gold,2025-07-25
AC00439,Mensa AD0OC3 SAS,10000000439,Bar,Chiavari,MO,Valle d'Aosta,Silver,2025-02-20
AC00440,Pescheria UX21Z4 SAS,10000000440,Pescheria,Novara,AT,Piemonte,Bronze,2025-06-28
AC00441,Mensa 60BDI4 SAS,10000000441,Ristorante,La Spezia,PC,Liguria,Bronze,2022-07-06
AC00442,Mensa I52PGD SPA,10000000442,Panificio,Pisa,AL,Emilia-Romagna,Bronze,2025-08-12
AC00443,Pizzeria 6CUEYJ SAS,10000000443,Catering,Modena,GR,Lombardia,Gold,2025-11-12
AC00444,Panificio 0M041U Ditta Individuale,10000000444,Gelateria,Bologna,MS,Valle d'Aosta,Gold,2023-10-08
AC00445,Altro BTSVK9 SAS,10000000445,Macelleria,Modena,RE,Toscana,Gold,2025-06-24
AC00446,Macelleria X4861E SPA,10000000446,Alimentari,Cremona,IM,Lombardia,Bronze,2025-05-05
AC00447,Panificio Y7V84K SAS,10000000447,Ristorante,Aosta,GR,Liguria,Bronze,2025-12-21
AC00448,Alimentari N0M1D5 SAS,10000000448,Altro,Genova,MB,Liguria,Silver,2024-10-13
AC00449,Macelleria U8LE3Y SPA,10000000449,Pescheria,Massa,GE,Lombardia,Bronze,2025-08-11
AC00450,Ristorante PK6WTB SAS,10000000450,Alimentari,Torino,CR,Lombardia,Gold,2022-01-08
AC00451,Mensa IZA4TL SAS,10000000451,Gelateria,Modena,SP,Lombardia,Bronze,2023-03-18
AC00452,Pizzeria KR4H9V Ditta Individuale,10000000452,Catering,Bergamo,LU,Toscana,Silver,2025-08-06
AC00453,Pescheria 4U13S7 Ditta Individuale,10000000453,Macelleria,Grosseto,MI,Lombardia,Gold,2022-09-30
AC00454,Bar EZ56VV SRL,10000000454,Pescheria,Bologna,LI,Toscana,Silver,2023-09-04
AC00455,Gelateria RIWDOQ Ditta Individuale,10000000455,Altro,Rimini,LI,Emilia-Romagna,Gold,2023-07-29
AC00456,Mensa ENE3ZV Cooperativa,10000000456,Pescheria,Asti,AL,Liguria,Bronze,2025-12-15
AC00457,Gelateria P21KRO Cooperativa,10000000457,Macelleria,Savona,SP,Piemonte,Bronze,2025-12-11
AC00458,Ristorante 8N9X3G SPA,10000000458,Gelateria,Cremona,MI,Valle d'Aosta,Silver,2023-01-13
AC00459,Macelleria MW9HV0 Ditta Individuale,10000000459,Bar,Varese,BG,Piemonte,Bronze,2022-06-06
AC00460,Pescheria TJH2QO SPA,10000000460,Panificio,Pavia,PI,Liguria,Bronze,2022-03-21
AC00461,Pizzeria X3FTZZ Cooperativa,10000000461,Altro,Pisa,VA,Piemonte,Silver,2024-02-09
AC00462,Panificio C68QAA Ditta Individuale,10000000462,Bar,Firenze,RA,Liguria,Silver,2025-09-29
AC00463,Pescheria BP0OKH Cooperativa,10000000463,Gelateria,La Spezia,PI,Emilia-Romagna,Silver,2024-12-06
AC00464,Hotel 8QILTS SRL,10000000464,Ristorante,Ravenna,SI,Emilia-Romagna,Silver,2024-06-21
AC00465,Catering L1K3SD SPA,10000000465,Ristorante,Alessandria,LU,Liguria,Bronze,2022-01-01
AC00466,Bar 4YRVPN SPA,10000000466,Altro,Arezzo,PC,Emilia-Romagna,Silver,2024-08-15
AC00467,Catering 1OOSM6 SPA,10000000467,Hotel,Torino,FI,Piemonte,Gold,2023-02-17
AC00468,Pescheria FCL6XR SPA,10000000468,Ristorante,Massa,FC,Piemonte,Platinum,2022-06-19
AC00469,Catering ZXILAJ Cooperativa,10000000469,Gelateria,Modena,RE,Liguria,Bronze,2025-02-05
AC00470,Macelleria 3HZ16I SAS,10000000470,Macelleria,Pisa,LU,Piemonte,Gold,2025-07-27
AC00471,Alimentari OA5AIC SAS,10000000471,Alimentari,Rimini,AT,Toscana,Silver,2022-07-19
AC00472,Mensa 5W0WX1 SRL,10000000472,Pizzeria,Como,LU,Valle d'Aosta,Platinum,2023-08-14
AC00473,Ristorante I29FIC Cooperativa,10000000473,Altro,La Spezia,RE,Liguria,Silver,2025-10-15
AC00474,Mensa 40H4B9 SPA,10000000474,Alimentari,Pavia,IM,Piemonte,Silver,2024-01-03
AC00475,Bar DFCXDW SPA,10000000475,Panificio,Bologna,LU,Emilia-Romagna,Platinum,2025-07-21
AC00476,Pizzeria K4AK50 SRL,10000000476,Altro,Torino,LI,Toscana,Gold,2022-04-24
AC00477,Panificio BTE08N Ditta Individuale,10000000477,Pizzeria,Ravenna,RE,Liguria,Silver,2024-07-16
AC00478,Panificio Y2ZEE1 Cooperativa,10000000478,Pizzeria,Arezzo,CR,Liguria,Bronze,2024-04-25
AC00479,Ristorante V0FT7A Ditta Individuale,10000000479,Hotel,Grosseto,MI,Emilia-Romagna,Bronze,2023-09-21
AC00480,Pizzeria JRNQF2 Cooperativa,10000000480,Macelleria,Pavia,MO,Valle d'Aosta,Bronze,2022-01-15
AC00481,Panificio U5EP90 Ditta Individuale,10000000481,Pizzeria,Ravenna,PC,Piemonte,Silver,2024-02-28
AC00482,Macelleria Q98GRH SRL,10000000482,Pescheria,Alessandria,FI,Emilia-Romagna,Bronze,2023-12-25
AC00483,Hotel 3B42HY SPA,10000000483,Panificio,Carrara,RN,Liguria,Bronze,2024-01-16
AC00484,Alimentari ISDHD6 SRL,10000000484,Catering,Bergamo,BO,Liguria,Bronze,2022-10-10
AC00485,Alimentari Q7ZRD4 SRL,10000000485,Bar,Milano,RN,Emilia-Romagna,Silver,2025-06-29
AC00486,Bar BG4KFT SRL,10000000486,Catering,Massa,LI,Piemonte,Silver,2025-05-07
AC00487,Ristorante UV3FUE SRL,10000000487,Gelateria,Genova,MO,Piemonte,Silver,2023-02-13
AC00488,Pescheria 7J11V7 Cooperativa,10000000488,Catering,Milano,TO,Emilia-Romagna,Bronze,2022-05-13
AC00489,Panificio 9KO8KB Ditta Individuale,10000000489,Hotel,Alessandria,RE,Valle d'Aosta,Bronze,2024-05-17
AC00490,Hotel 8L6K0C SRL,10000000490,Panificio,Arezzo,CO,Toscana,Gold,2023-10-13
AC00491,Alimentari 36V6W1 SPA,10000000491,Mensa,Cremona,PR,Valle d'Aosta,Bronze,2024-07-13
AC00492,Altro TS2G5F SRL,10000000492,Bar,Carrara,PO,Lombardia,Silver,2022-10-31
AC00493,Pescheria M9GN02 SPA,10000000493,Pescheria,Ravenna,CN,Piemonte,Silver,2022-09-18
AC00494,Bar CCE7G9 SAS,10000000494,Alimentari,Livorno,RE,Valle d'Aosta,Silver,2023-11-19
AC00495,Macelleria ULISGG SRL,10000000495,Mensa,Aosta,MO,Lombardia,Silver,2023-11-10
AC00496,Bar BUZ22V SRL,10000000496,Bar,Massa,SI,Valle d'Aosta,Bronze,2023-01-30
AC00497,Hotel CVTAOI Ditta Individuale,10000000497,Catering,Massa,MS,Piemonte,Bronze,2024-12-26
AC00498,Alimentari S7JAQZ SAS,10000000498,Pescheria,Monza,MO,Emilia-Romagna,Silver,2024-10-12
AC00499,Catering KTCO3E Ditta Individuale,10000000499,Bar,Sestri Levante,RA,Emilia-Romagna,Silver,2025-01-21
AC00500,Gelateria D3UKOA SRL,10000000500,Alimentari,Genova,BO,Piemonte,Silver,2023-01-23
AC00501,Pizzeria C0IIU8 Cooperativa,10000000501,Panificio,Alessandria,GE,Liguria,Silver,2022-09-18
AC00502,Altro L7E59D SRL,10000000502,Pizzeria,La Spezia,MI,Liguria,Bronze,2024-10-29
AC00503,Catering M88CV4 Ditta Individuale,10000000503,Pescheria,Brescia,SV,Valle d'Aosta,Gold,2022-02-21
AC00504,Mensa BGXLLA Ditta Individuale,10000000504,Bar,Forlì,GE,Liguria,Platinum,2023-12-08
AC00505,Ristorante AOSP9M SPA,10000000505,Pizzeria,Pavia,NO,Toscana,Silver,2024-11-28
AC00506,Ristorante HGM168 SPA,10000000506,Panificio,Milano,VA,Lombardia,Gold,2024-02-05
AC00507,Pescheria 8WIU27 Cooperativa,10000000507,Ristorante,Cremona,RE,Valle d'Aosta,Silver,2022-08-11
AC00508,Panificio RTRZ36 SRL,10000000508,Pizzeria,Genova,PI,Piemonte,Silver,2025-06-10
AC00509,Panificio 5RA6H4 SPA,10000000509,Mensa,Bologna,LU,Valle d'Aosta,Bronze,2023-02-20
AC00510,Pescheria O8J0F5 Ditta Individuale,10000000510,Pescheria,Ravenna,GR,Liguria,Gold,2023-10-11
AC00511,Ristorante SPTF4M SPA,10000000511,Catering,Livorno,AR,Emilia-Romagna,Bronze,2024-06-03
AC00512,Bar 82M1OM SPA,10000000512,Altro,Aosta,GE,Emilia-Romagna,Silver,2025-08-12
AC00513,Pizzeria BHVXD7 SRL,10000000513,Altro,Cremona,RE,Lombardia,Gold,2024-08-18
AC00514,Catering 7Z4N3J SAS,10000000514,Altro,Bergamo,SP,Toscana,Platinum,2024-04-10
AC00515,Mensa VIL2T2 Ditta Individuale,10000000515,Altro,Asti,CO,Liguria,Silver,2024-12-28
AC00516,Gelateria D1LZOR Cooperativa,10000000516,Ristorante,Forlì,RE,Emilia-Romagna,Silver,2025-10-10
AC00517,Panificio G5YGIL Ditta Individuale,10000000517,Mensa,Pisa,RE,Piemonte,Platinum,2023-09-24
AC00518,Ristorante N96P3Y SPA,10000000518,Pescheria,Prato,CN,Piemonte,Bronze,2022-11-29
AC00519,Ristorante EWV0UC SAS,10000000519,Mensa,Bergamo,SV,Liguria,Bronze,2023-10-17
AC00520,Alimentari ZMVW7P SRL,10000000520,Catering,Siena,AR,Lombardia,Silver,2025-03-07
AC00521,Panificio JNG22L SAS,10000000521,Ristorante,Alessandria,SV,Piemonte,Silver,2024-09-10
AC00522,Mensa VL9DYL Cooperativa,10000000522,Panificio,Imperia,MB,Toscana,Gold,2024-03-13
AC00523,Alimentari HU1I21 SPA,10000000523,Panificio,Sanremo,LU,Valle d'Aosta,Silver,2022-03-02
AC00524,Bar PGPP4U SPA,10000000524,Mensa,Aosta,SI,Lombardia,Bronze,2023-12-23
AC00525,Mensa DEZ83A SRL,10000000525,Alimentari,Forlì,SV,Liguria,Silver,2024-11-07
AC00526,Mensa FQZ9KQ Ditta Individuale,10000000526,Altro,Como,PI,Liguria,Gold,2022-09-30
AC00527,Macelleria 84HB78 SRL,10000000527,Mensa,Pavia,RN,Valle d'Aosta,Bronze,2022-06-18
AC00528,Mensa A5DWGA SAS,10000000528,Pizzeria,Firenze,RA,Lombardia,Bronze,2022-08-10
AC00529,Alimentari CJH7R9 SAS,10000000529,Ristorante,Como,SV,Valle d'Aosta,Silver,2024-08-14
AC00530,Mensa 7MJMTZ Cooperativa,10000000530,Bar,Torino,VA,Toscana,Silver,2022-10-05
AC00531,Gelateria CZSICM SPA,10000000531,Hotel,Siena,FI,Lombardia,Gold,2023-01-17
AC00532,Catering FUKQAE SRL,10000000532,Mensa,Alessandria,TO,Liguria,Bronze,2022-08-14
AC00533,Bar QMMY1T Cooperativa,10000000533,Catering,Chiavari,MI,Toscana,Bronze,2023-06-15
AC00534,Catering JZIMCN Ditta Individuale,10000000534,Catering,Cuneo,RE,Liguria,Bronze,2024-03-06
AC00535,Catering 1YHGJF Ditta Individuale,10000000535,Macelleria,Milano,MS,Liguria,Silver,2022-06-15
AC00536,Alimentari QCZXZ8 SAS,10000000536,Hotel,Ravenna,CN,Lombardia,Platinum,2023-06-07
AC00537,Gelateria RE9XXF Cooperativa,10000000537,Ristorante,Viareggio,MB,Emilia-Romagna,Bronze,2023-09-01
AC00538,Pescheria SD1U6D SRL,10000000538,Bar,Varese,PI,Valle d'Aosta,Silver,2025-05-30
AC00539,Ristorante 5QF7IJ Ditta Individuale,10000000539,Ristorante,Pavia,PV,Liguria,Bronze,2024-11-22
AC00540,Hotel G8RRRV SRL,10000000540,Macelleria,Modena,GR,Liguria,Bronze,2025-05-09
AC00541,Altro 2OTMI2 SAS,10000000541,Macelleria,Massa,NO,Lombardia,Gold,2024-04-14
AC00542,Panificio 2F2PFE SRL,10000000542,Mensa,Livorno,PC,Piemonte,Bronze,2024-06-16
AC00543,Gelateria JO9Z0B Cooperativa,10000000543,Hotel,Varese,RN,Lombardia,Bronze,2023-03-05
AC00544,Panificio HWL0B4 Ditta Individuale,10000000544,Macelleria,Milano,AO,Liguria,Bronze,2025-08-23
AC00545,Bar UZLKYA SPA,10000000545,Ristorante,Brescia,BO,Valle d'Aosta,Platinum,2022-01-06
AC00546,Altro FWN11O SAS,10000000546,Gelateria,Monza,PI,Piemonte,Bronze,2022-10-01
AC00547,Pizzeria WQMIDF Cooperativa,10000000547,Hotel,Milano,VA,Lombardia,Platinum,2022-04-06
AC00548,Panificio 7JW3KH Ditta Individuale,10000000548,Macelleria,Asti,AL,Piemonte,Bronze,2024-04-29
AC00549,Altro 5LCY7F SAS,10000000549,Altro,Modena,BS,Piemonte,Bronze,2023-12-15
AC00550,Ristorante IE7LLF SPA,10000000550,Altro,Viareggio,MI,Piemonte,Platinum,2024-04-27
AC00551,Altro JYPZTL Cooperativa,10000000551,Panificio,Lucca,FI,Valle d'Aosta,Gold,2024-01-22
AC00552,Altro NXARWR SAS,10000000552,Panificio,Parma,MB,Liguria,Silver,2023-06-26
AC00553,Altro FVZ9DQ Ditta Individuale,10000000553,Hotel,Arezzo,IM,Valle d'Aosta,Silver,2024-05-28
AC00554,Mensa HLKOWR SAS,10000000554,Macelleria,Bologna,BS,Emilia-Romagna,Bronze,2022-01-24
AC00555,Alimentari CBVFON SPA,10000000555,Pizzeria,Prato,FI,Toscana,Bronze,2022-06-05
AC00556,Pescheria NS4VT9 SAS,10000000556,Hotel,Reggio Emilia,SP,Emilia-Romagna,Silver,2024-06-07
AC00557,Mensa YAPRFI Ditta Individuale,10000000557,Altro,Livorno,RE,Liguria,Platinum,2025-07-25
AC00558,Pescheria QZYCZ7 Cooperativa,10000000558,Bar,Cremona,GE,Lombardia,Silver,2025-08-13
AC00559,Bar QFAK6F SAS,10000000559,Mensa,Grosseto,MS,Lombardia,Bronze,2022-01-15
AC00560,Pizzeria 9B50KD SAS,10000000560,Ristorante,Sanremo,AO,Valle d'Aosta,Gold,2024-11-08
AC00561,Macelleria K9LKDZ Ditta Individuale,10000000561,Ristorante,Lucca,MS,Valle d'Aosta,Bronze,2025-01-23
AC00562,Alimentari KVI3O2 Cooperativa,10000000562,Altro,Cremona,PR,Emilia-Romagna,Silver,2023-07-23
AC00563,Alimentari HZVQ3F SAS,10000000563,Macelleria,Torino,SV,Emilia-Romagna,Bronze,2022-05-25
AC00564,Altro 4HDJZ4 SPA,10000000564,Panificio,Asti,IM,Lombardia,Gold,2024-07-13
AC00565,Alimentari MN3F80 SAS,10000000565,Altro,Prato,GR,Piemonte,Bronze,2022-09-18
AC00566,Gelateria 8GML1F SRL,10000000566,Panificio,Cremona,AR,Valle d'Aosta,Bronze,2022-06-16
AC00567,Hotel BQKZ2A Ditta Individuale,10000000567,Macelleria,Como,CR,Valle d'Aosta,Bronze,2023-08-03
AC00568,Panificio 2M2FUY SPA,10000000568,Ristorante,La Spezia,FI,Emilia-Romagna,Gold,2025-02-09
AC00569,Catering 1FPLUY SPA,10000000569,Hotel,Rimini,PI,Valle d'Aosta,Bronze,2022-02-04
AC00570,Gelateria 6RVHY3 SAS,10000000570,Hotel,Brescia,AT,Valle d'Aosta,Gold,2022-09-12
AC00571,Panificio AZ0D84 SRL,10000000571,Altro,Rimini,BS,Toscana,Silver,2022-12-14
AC00572,Gelateria 6U1KS7 SAS,10000000572,Hotel,Siena,MI,Lombardia,Bronze,2022-12-21
AC00573,Ristorante 2HNOBQ SPA,10000000573,Gelateria,Pavia,LU,Liguria,Gold,2023-01-10
AC00574,Catering WHTF5V Cooperativa,10000000574,Ristorante,Chiavari,RE,Toscana,Bronze,2023-01-18
AC00575,Altro Q922PR SPA,10000000575,Hotel,Torino,AR,Valle d'Aosta,Bronze,2025-02-27
AC00576,Hotel IZ5IBW Ditta Individuale,10000000576,Macelleria,Ravenna,MO,Valle d'Aosta,Silver,2022-08-06
AC00577,Panificio 1XLVH4 SRL,10000000577,Hotel,Lucca,BO,Toscana,Gold,2024-08-04
AC00578,Gelateria 4V0DIL SAS,10000000578,Altro,Viareggio,LI,Liguria,Gold,2023-12-13
AC00579,Panificio ACI1XR Ditta Individuale,10000000579,Pizzeria,Sanremo,SI,Piemonte,Silver,2024-04-02
AC00580,Hotel OQ7I3K SRL,10000000580,Altro,Como,AL,Emilia-Romagna,Bronze,2022-12-14
AC00581,Alimentari 7FHYGC SPA,10000000581,Panificio,Modena,RE,Liguria,Silver,2025-01-29
AC00582,Panificio 2SU7E3 SRL,10000000582,Mensa,Forlì,AT,Piemonte,Silver,2023-08-22
AC00583,Ristorante 621ETS Cooperativa,10000000583,Hotel,Carrara,PI,Toscana,Platinum,2024-01-19
AC00584,Catering 0X91ZK SPA,10000000584,Mensa,Cremona,PR,Valle d'Aosta,Bronze,2024-03-28
AC00585,Macelleria BBZV97 SRL,10000000585,Panificio,Alessandria,MO,Piemonte,Silver,2025-08-29
AC00586,Pescheria GXHVCZ Cooperativa,10000000586,Pizzeria,Como,SV,Emilia-Romagna,Platinum,2022-11-23
AC00587,Panificio O1YPSP Cooperativa,10000000587,Catering,Milano,RN,Emilia-Romagna,Silver,2025-08-14
AC00588,Gelateria UMIOG3 SAS,10000000588,Hotel,Modena,SP,Lombardia,Silver,2024-12-19
AC00589,Gelateria F924RH Cooperativa,10000000589,Macelleria,Grosseto,GE,Emilia-Romagna,Bronze,2023-04-28
AC00590,Panificio HD2KL5 SPA,10000000590,Pescheria,Novara,CN,Piemonte,Silver,2023-07-18
AC00591,Mensa YQCCL2 SPA,10000000591,Bar,Lucca,LU,Lombardia,Silver,2025-04-20
AC00592,Mensa TKPRD4 SRL,10000000592,Gelateria,Milano,MS,Lombardia,Gold,2022-02-23
AC00593,Macelleria LMJFDO Cooperativa,10000000593,Altro,Brescia,RE,Piemonte,Silver,2025-10-17
AC00594,Gelateria Z755B7 Ditta Individuale,10000000594,Gelateria,Carrara,BO,Toscana,Bronze,2022-10-23
AC00595,Mensa 8QLS79 Ditta Individuale,10000000595,Hotel,Milano,FI,Liguria,Silver,2023-02-20
AC00596,Macelleria 726UTM SRL,10000000596,Catering,Cremona,AL,Liguria,Bronze,2023-01-31
AC00597,Alimentari M56C60 Ditta Individuale,10000000597,Gelateria,Pavia,SP,Emilia-Romagna,Platinum,2023-05-15
AC00598,Panificio XHDVIW SAS,10000000598,Bar,Torino,BO,Emilia-Romagna,Bronze,2025-07-09
AC00599,Pescheria XIW4RU Cooperativa,10000000599,Bar,Sanremo,CR,Valle d'Aosta,Gold,2023-12-12
AC00600,Panificio 7847K7 Ditta Individuale,10000000600,Pescheria,Brescia,AT,Lombardia,Silver,2025-06-11
